Tuesday,1223,7
Tuesday,1329,10
Tuesday,1423,5
Tuesday,1518,2
Tuesday,1615,0
Tuesday,1718,0
Tuesday,1820,1
Tuesday,1930,13
Tuesday,2025,5
Tuesday,2133,14
Tuesday,2227,0
Tuesday,657,3
Tuesday,724,0
Tuesday,754,0
Tuesday,823,0
Tuesday,842,0
Tuesday,903,0
Tuesday,933,9
Tuesday,1003,46
Tuesday,1023,7
Tuesday,1112,66
Tuesday,1122,9
Tuesday,1155,0
Tuesday,1305,50
Tuesday,1400,45
Tuesday,1454,0
Tuesday,1553,0
Tuesday,1657,0
Tuesday,1807,49
Tuesday,1911,56
Tuesday,1957,2
Tuesday,2055,0
Tuesday,2201,0
Tuesday,2256,0
Tuesday,5,0
